MatchNumber,DateUTC,Stage,StageDetail,Group,Home,Away,HostAdvantage,HomeTeamScore,AwayTeamScore,Played,PlaceHolderA,PlaceHolderB,Winner
1,2026-06-11T19:00:00Z,Group,First Stage,Group A,Mexico,South Africa,1,2.0,0.0,True,A1,A2,43911
2,2026-06-12T02:00:00Z,Group,First Stage,Group A,South Korea,Czechia,0,2.0,1.0,True,A3,A4,43822
3,2026-06-12T19:00:00Z,Group,First Stage,Group B,Canada,Bosnia and Herzegovina,1,1.0,1.0,True,B1,B2,
4,2026-06-13T01:00:00Z,Group,First Stage,Group D,USA,Paraguay,1,4.0,1.0,True,D1,D2,43921
5,2026-06-14T01:00:00Z,Group,First Stage,Group C,Haiti,Scotland,0,0.0,1.0,True,C3,C4,43967
6,2026-06-14T04:00:00Z,Group,First Stage,Group D,Australia,Turkey,0,2.0,0.0,True,D3,D4,43976
7,2026-06-13T22:00:00Z,Group,First Stage,Group C,Brazil,Morocco,0,1.0,1.0,True,C1,C2,
8,2026-06-13T19:00:00Z,Group,First Stage,Group B,Qatar,Switzerland,0,1.0,1.0,True,B3,B4,
9,2026-06-14T23:00:00Z,Group,First Stage,Group E,Ivory Coast,Ecuador,0,1.0,0.0,True,E3,E4,43854
10,2026-06-14T17:00:00Z,Group,First Stage,Group E,Germany,Curaçao,0,7.0,1.0,True,E1,E2,43948
11,2026-06-14T20:00:00Z,Group,First Stage,Group F,Netherlands,Japan,0,2.0,2.0,True,F1,F2,
12,2026-06-15T02:00:00Z,Group,First Stage,Group F,Sweden,Tunisia,0,5.0,1.0,True,F3,F4,43970
13,2026-06-15T22:00:00Z,Group,First Stage,Group H,Saudi Arabia,Uruguay,0,1.0,1.0,True,H3,H4,
14,2026-06-15T16:00:00Z,Group,First Stage,Group H,Spain,Cape Verde,0,0.0,0.0,True,H1,H2,
15,2026-06-16T01:00:00Z,Group,First Stage,Group G,Iran,New Zealand,0,2.0,2.0,True,G3,G4,
16,2026-06-15T19:00:00Z,Group,First Stage,Group G,Belgium,Egypt,0,1.0,1.0,True,G1,G2,
17,2026-06-16T19:00:00Z,Group,First Stage,Group I,France,Senegal,0,3.0,1.0,True,I1,I2,43946
18,2026-06-16T22:00:00Z,Group,First Stage,Group I,Iraq,Norway,0,1.0,4.0,True,I3,I4,43961
19,2026-06-17T01:00:00Z,Group,First Stage,Group J,Argentina,Algeria,0,3.0,0.0,True,J1,J2,43922
20,2026-06-17T04:00:00Z,Group,First Stage,Group J,Austria,Jordan,0,3.0,1.0,True,J3,J4,43934
21,2026-06-17T23:00:00Z,Group,First Stage,Group L,Ghana,Panama,0,1.0,0.0,True,L3,L4,43860
22,2026-06-17T20:00:00Z,Group,First Stage,Group L,England,Croatia,0,4.0,2.0,True,L1,L2,43942
23,2026-06-17T17:00:00Z,Group,First Stage,Group K,Portugal,DR Congo,0,1.0,1.0,True,K1,K2,
24,2026-06-18T02:00:00Z,Group,First Stage,Group K,Uzbekistan,Colombia,0,1.0,3.0,True,K3,K4,43926
25,2026-06-18T16:00:00Z,Group,First Stage,Group A,Czechia,South Africa,0,1.0,1.0,True,A4,A2,
26,2026-06-18T19:00:00Z,Group,First Stage,Group B,Switzerland,Bosnia and Herzegovina,0,4.0,1.0,True,B4,B2,43971
27,2026-06-18T22:00:00Z,Group,First Stage,Group B,Canada,Qatar,1,6.0,0.0,True,B1,B3,43899
28,2026-06-19T01:00:00Z,Group,First Stage,Group A,Mexico,South Korea,1,1.0,0.0,True,A1,A3,43911
29,2026-06-20T00:30:00Z,Group,First Stage,Group C,Brazil,Haiti,0,3.0,0.0,True,C1,C3,43924
30,2026-06-19T22:00:00Z,Group,First Stage,Group C,Scotland,Morocco,0,0.0,1.0,True,C4,C2,43872
31,2026-06-20T03:00:00Z,Group,First Stage,Group D,Turkey,Paraguay,0,0.0,1.0,True,D4,D2,43928
32,2026-06-19T19:00:00Z,Group,First Stage,Group D,USA,Australia,1,2.0,0.0,True,D1,D3,43921
33,2026-06-20T20:00:00Z,Group,First Stage,Group E,Germany,Ivory Coast,0,2.0,1.0,True,E1,E3,43948
34,2026-06-21T00:00:00Z,Group,First Stage,Group E,Ecuador,Curaçao,0,0.0,0.0,True,E4,E2,
35,2026-06-20T17:00:00Z,Group,First Stage,Group F,Netherlands,Sweden,0,5.0,1.0,True,F1,F3,43960
36,2026-06-21T04:00:00Z,Group,First Stage,Group F,Tunisia,Japan,0,0.0,4.0,True,F4,F2,43819
37,2026-06-21T22:00:00Z,Group,First Stage,Group H,Uruguay,Cape Verde,0,2.0,2.0,True,H4,H2,
38,2026-06-21T16:00:00Z,Group,First Stage,Group H,Spain,Saudi Arabia,0,4.0,0.0,True,H1,H3,43969
39,2026-06-21T19:00:00Z,Group,First Stage,Group G,Belgium,Iran,0,0.0,0.0,True,G1,G3,
40,2026-06-22T01:00:00Z,Group,First Stage,Group G,New Zealand,Egypt,0,1.0,3.0,True,G4,G2,43855
41,2026-06-23T00:00:00Z,Group,First Stage,Group I,Norway,Senegal,0,3.0,2.0,True,I4,I2,43961
42,2026-06-22T21:00:00Z,Group,First Stage,Group I,France,Iraq,0,3.0,0.0,True,I1,I3,43946
43,2026-06-22T17:00:00Z,Group,First Stage,Group J,Argentina,Austria,0,2.0,0.0,True,J1,J3,43922
44,2026-06-23T03:00:00Z,Group,First Stage,Group J,Jordan,Algeria,0,1.0,2.0,True,J4,J2,43843
45,2026-06-23T20:00:00Z,Group,First Stage,Group L,England,Ghana,0,0.0,0.0,True,L1,L3,
46,2026-06-23T23:00:00Z,Group,First Stage,Group L,Panama,Croatia,0,0.0,1.0,True,L4,L2,43938
47,2026-06-23T17:00:00Z,Group,First Stage,Group K,Portugal,Uzbekistan,0,5.0,0.0,True,K1,K3,43963
48,2026-06-24T02:00:00Z,Group,First Stage,Group K,Colombia,DR Congo,0,1.0,0.0,True,K4,K2,43926
49,2026-06-24T22:00:00Z,Group,First Stage,Group C,Scotland,Brazil,0,0.0,3.0,True,C4,C1,43924
50,2026-06-24T22:00:00Z,Group,First Stage,Group C,Morocco,Haiti,0,4.0,2.0,True,C2,C3,43872
51,2026-06-24T19:00:00Z,Group,First Stage,Group B,Switzerland,Canada,-1,2.0,1.0,True,B4,B1,43971
52,2026-06-24T19:00:00Z,Group,First Stage,Group B,Bosnia and Herzegovina,Qatar,0,3.0,1.0,True,B2,B3,44037
53,2026-06-25T01:00:00Z,Group,First Stage,Group A,Czechia,Mexico,-1,0.0,3.0,True,A4,A1,43911
54,2026-06-25T01:00:00Z,Group,First Stage,Group A,South Africa,South Korea,0,1.0,0.0,True,A2,A3,43883
55,2026-06-25T20:00:00Z,Group,First Stage,Group E,Curaçao,Ivory Coast,0,0.0,2.0,True,E2,E3,43854
56,2026-06-25T20:00:00Z,Group,First Stage,Group E,Ecuador,Germany,0,2.0,1.0,True,E4,E1,43927
57,2026-06-25T23:00:00Z,Group,First Stage,Group F,Japan,Sweden,0,1.0,1.0,True,F2,F3,
58,2026-06-25T23:00:00Z,Group,First Stage,Group F,Tunisia,Netherlands,0,1.0,3.0,True,F4,F1,43960
59,2026-06-26T02:00:00Z,Group,First Stage,Group D,Turkey,USA,-1,3.0,2.0,True,D4,D1,43972
60,2026-06-26T02:00:00Z,Group,First Stage,Group D,Paraguay,Australia,0,0.0,0.0,True,D2,D3,
61,2026-06-26T19:00:00Z,Group,First Stage,Group I,Norway,France,0,1.0,4.0,True,I4,I1,43946
62,2026-06-26T19:00:00Z,Group,First Stage,Group I,Senegal,Iraq,0,5.0,0.0,True,I2,I3,43879
63,2026-06-27T03:00:00Z,Group,First Stage,Group G,Egypt,Iran,0,1.0,1.0,True,G2,G3,
64,2026-06-27T03:00:00Z,Group,First Stage,Group G,New Zealand,Belgium,0,1.0,5.0,True,G4,G1,43935
65,2026-06-27T00:00:00Z,Group,First Stage,Group H,Cape Verde,Saudi Arabia,0,0.0,0.0,True,H2,H3,
66,2026-06-27T00:00:00Z,Group,First Stage,Group H,Uruguay,Spain,0,0.0,1.0,True,H4,H1,43969
67,2026-06-27T21:00:00Z,Group,First Stage,Group L,Panama,England,0,0.0,2.0,True,L4,L1,43942
68,2026-06-27T21:00:00Z,Group,First Stage,Group L,Croatia,Ghana,0,2.0,1.0,True,L2,L3,43938
69,2026-06-28T02:00:00Z,Group,First Stage,Group J,Algeria,Austria,0,3.0,3.0,True,J2,J3,
70,2026-06-28T02:00:00Z,Group,First Stage,Group J,Jordan,Argentina,0,1.0,3.0,True,J4,J1,43922
71,2026-06-27T23:30:00Z,Group,First Stage,Group K,Colombia,Portugal,0,0.0,0.0,True,K4,K1,
72,2026-06-27T23:30:00Z,Group,First Stage,Group K,DR Congo,Uzbekistan,0,3.0,1.0,True,K2,K3,20014
73,2026-06-28T19:00:00Z,Round32,Round of 32,,South Africa,Canada,-1,0.0,1.0,True,2A,2B,43899
74,2026-06-29T20:30:00Z,Round32,Round of 32,,Germany,Paraguay,0,1.0,1.0,True,1E,3ABCDF,43928
75,2026-06-30T01:00:00Z,Round32,Round of 32,,Netherlands,Morocco,0,1.0,1.0,True,1F,2C,43872
76,2026-06-29T17:00:00Z,Round32,Round of 32,,Brazil,Japan,0,2.0,1.0,True,1C,2F,43924
77,2026-06-30T21:00:00Z,Round32,Round of 32,,France,Sweden,0,3.0,0.0,True,1I,3CDFGH,43946
78,2026-06-30T17:00:00Z,Round32,Round of 32,,Ivory Coast,Norway,0,1.0,2.0,True,2E,2I,43961
79,2026-07-01T02:00:00Z,Round32,Round of 32,,Mexico,Ecuador,1,2.0,0.0,True,1A,3CEFHI,
80,2026-07-01T16:00:00Z,Round32,Round of 32,,England,DR Congo,0,,,False,1L,3EHIJK,
81,2026-07-02T00:00:00Z,Round32,Round of 32,,USA,Bosnia and Herzegovina,1,,,False,1D,3BEFIJ,
82,2026-07-01T20:00:00Z,Round32,Round of 32,,Belgium,Senegal,0,,,False,1G,3AEHIJ,
83,2026-07-02T23:00:00Z,Round32,Round of 32,,Portugal,Croatia,0,,,False,2K,2L,
84,2026-07-02T19:00:00Z,Round32,Round of 32,,Spain,Austria,0,,,False,1H,2J,
85,2026-07-03T03:00:00Z,Round32,Round of 32,,Switzerland,Algeria,0,,,False,1B,3EFGIJ,
86,2026-07-03T22:00:00Z,Round32,Round of 32,,Argentina,Cape Verde,0,,,False,1J,2H,
87,2026-07-04T01:30:00Z,Round32,Round of 32,,Colombia,Ghana,0,,,False,1K,3DEIJL,
88,2026-07-03T18:00:00Z,Round32,Round of 32,,Australia,Egypt,0,,,False,2D,2G,
89,2026-07-04T21:00:00Z,Round16,Round of 16,,Paraguay,France,0,,,False,W74,W77,
90,2026-07-04T17:00:00Z,Round16,Round of 16,,Canada,Morocco,1,,,False,W73,W75,
91,2026-07-05T20:00:00Z,Round16,Round of 16,,Brazil,Norway,0,,,False,W76,W78,
92,2026-07-06T00:00:00Z,Round16,Round of 16,,TBD,TBD,0,,,False,W79,W80,
93,2026-07-06T19:00:00Z,Round16,Round of 16,,TBD,TBD,0,,,False,W83,W84,
94,2026-07-07T00:00:00Z,Round16,Round of 16,,TBD,TBD,0,,,False,W81,W82,
95,2026-07-07T16:00:00Z,Round16,Round of 16,,TBD,TBD,0,,,False,W86,W88,
96,2026-07-07T20:00:00Z,Round16,Round of 16,,TBD,TBD,0,,,False,W85,W87,
97,2026-07-09T20:00:00Z,QuarterFinal,Quarter-final,,TBD,TBD,0,,,False,W89,W90,
98,2026-07-10T19:00:00Z,QuarterFinal,Quarter-final,,TBD,TBD,0,,,False,W93,W94,
99,2026-07-11T21:00:00Z,QuarterFinal,Quarter-final,,TBD,TBD,0,,,False,W91,W92,
100,2026-07-12T01:00:00Z,QuarterFinal,Quarter-final,,TBD,TBD,0,,,False,W95,W96,
101,2026-07-14T19:00:00Z,SemiFinal,Semi-final,,TBD,TBD,0,,,False,W97,W98,
102,2026-07-15T19:00:00Z,SemiFinal,Semi-final,,TBD,TBD,0,,,False,W99,W100,
103,2026-07-18T21:00:00Z,ThirdPlace,Play-off for third place,,TBD,TBD,0,,,False,RU101,RU102,
104,2026-07-19T19:00:00Z,Final,Final,,TBD,TBD,0,,,False,W101,W102,
